{"cameraMode":{"drawMode":0,"name":"Shaded","section":"Shading Mode"},"sceneLighting":true,"audioPlay":false,"sceneViewState":{"m_AlwaysRefresh":false,"showFog":true,"showSkybox":true,"showFlares":true,"showImageEffects":true,"showParticleSystems":true,"showVisualEffectGraphs":true,"m_FxEnabled":true},"in2DMode":false,"pivot":{"x":-20.492002487182618,"y":10.605162620544434,"z":8.736693382263184},"rotation":{"x":-0.11915253847837448,"y":-0.5822679400444031,"z":0.08671300113201142,"w":-0.7995736598968506},"size":1.8617216348648072,"orthographic":false}